transaction_id,timestamp,corridor,payment_rail,amount_usd,status,latency_seconds,failure_reason
TX1001,2026-03-01 08:14:22,NGN_USDT,Flutterwave,1200.50,SUCCESS,12,
TX1002,2026-03-01 08:16:01,NGN_USDT,Paystack,450.00,SUCCESS,8,
TX1003,2026-03-01 08:22:15,KES_USDT,M-Pesa,300.00,FAILED,45,Bank_Gateway_Timeout
TX1004,2026-03-01 08:25:30,NGN_USDT,Flutterwave,2500.00,SUCCESS,15,
TX1005,2026-03-01 08:31:04,GHS_USDT,Hubtel,850.00,SUCCESS,10,
TX1006,2026-03-01 08:40:12,KES_USDT,M-Pesa,150.00,FAILED,60,Insufficient_Liquidity
TX1007,2026-03-01 08:45:00,NGN_USDT,Paystack,5000.00,SUCCESS,6,
TX1008,2026-03-01 09:02:11,ZAR_USDT,Stitch,3400.00,SUCCESS,18,
TX1009,2026-03-01 09:15:33,NGN_USDT,Flutterwave,150.00,FAILED,30,KYC_Verification_Failed
TX1010,2026-03-01 09:20:45,KES_USDT,M-Pesa,920.00,SUCCESS,14,
TX1011,2026-03-01 09:30:10,NGN_USDT,Flutterwave,1800.00,SUCCESS,11,
TX1012,2026-03-01 09:35:22,ZAR_USDT,Stitch,2200.00,SUCCESS,16,
TX1013,2026-03-01 09:42:01,GHS_USDT,Hubtel,410.00,SUCCESS,9,
TX1014,2026-03-01 09:50:18,KES_USDT,M-Pesa,1250.00,SUCCESS,13,
TX1015,2026-03-01 10:05:44,NGN_USDT,Paystack,8900.00,SUCCESS,7,
TX1016,2026-03-01 10:12:09,NGN_USDT,Flutterwave,600.00,FAILED,52,Bank_Gateway_Timeout
TX1017,2026-03-01 10:20:30,KES_USDT,M-Pesa,210.00,SUCCESS,12,
TX1018,2026-03-01 10:28:14,ZAR_USDT,Stitch,5100.00,SUCCESS,20,
TX1019,2026-03-01 10:33:55,GHS_USDT,Hubtel,1150.00,FAILED,40,Insufficient_Liquidity
TX1020,2026-03-01 10:45:11,NGN_USDT,Paystack,3200.00,SUCCESS,5,
TX1021,2026-03-01 11:00:00,NGN_USDT,Flutterwave,4100.00,SUCCESS,14,
TX1022,2026-03-01 11:08:23,KES_USDT,M-Pesa,550.00,FAILED,65,Bank_Gateway_Timeout
TX1023,2026-03-01 11:15:40,ZAR_USDT,Stitch,1900.00,SUCCESS,17,
TX1024,2026-03-01 11:22:19,GHS_USDT,Hubtel,730.00,SUCCESS,11,
TX1025,2026-03-01 11:30:05,NGN_USDT,Paystack,6400.00,SUCCESS,8,
TX1026,2026-03-01 11:41:50,NGN_USDT,Flutterwave,800.00,FAILED,28,KYC_Verification_Failed
TX1027,2026-03-01 11:50:12,KES_USDT,M-Pesa,1600.00,SUCCESS,15,
TX1028,2026-03-01 12:01:33,ZAR_USDT,Stitch,4200.00,SUCCESS,19,
TX1029,2026-03-01 12:10:45,GHS_USDT,Hubtel,950.00,SUCCESS,10,
TX1030,2026-03-01 12:18:20,NGN_USDT,Paystack,2700.00,SUCCESS,6,
TX1031,2026-03-01 12:25:00,NGN_USDT,Flutterwave,3500.00,SUCCESS,13,
TX1032,2026-03-01 12:32:14,KES_USDT,M-Pesa,400.00,FAILED,50,Insufficient_Liquidity
TX1033,2026-03-01 12:40:55,ZAR_USDT,Stitch,6800.00,SUCCESS,22,
TX1034,2026-03-01 12:48:10,GHS_USDT,Hubtel,320.00,SUCCESS,9,
TX1035,2026-03-01 13:00:15,NGN_USDT,Paystack,11000.00,SUCCESS,5,
TX1036,2026-03-01 13:10:40,NGN_USDT,Flutterwave,950.00,SUCCESS,12,
TX1037,2026-03-01 13:18:02,KES_USDT,M-Pesa,1800.00,SUCCESS,16,
TX1038,2026-03-01 13:25:31,ZAR_USDT,Stitch,2900.00,SUCCESS,15,
TX1039,2026-03-01 13:33:12,GHS_USDT,Hubtel,1400.00,FAILED,38,Bank_Gateway_Timeout
TX1040,2026-03-01 13:42:00,NGN_USDT,Paystack,4800.00,SUCCESS,7,
TX1041,2026-03-01 13:50:22,NGN_USDT,Flutterwave,5200.00,SUCCESS,14,
TX1042,2026-03-01 14:02:11,KES_USDT,M-Pesa,620.00,SUCCESS,13,
TX1043,2026-03-01 14:11:45,ZAR_USDT,Stitch,3100.00,SUCCESS,18,
TX1044,2026-03-01 14:20:00,GHS_USDT,Hubtel,600.00,SUCCESS,10,
TX1045,2026-03-01 14:28:30,NGN_USDT,Paystack,7300.00,SUCCESS,6,
TX1046,2026-03-01 14:35:14,NGN_USDT,Flutterwave,1250.00,FAILED,42,Bank_Gateway_Timeout
TX1047,2026-03-01 14:44:02,KES_USDT,M-Pesa,2100.00,SUCCESS,14,
TX1048,2026-03-01 14:52:19,ZAR_USDT,Stitch,4500.00,SUCCESS,17,
TX1049,2026-03-01 15:01:05,GHS_USDT,Hubtel,820.00,SUCCESS,8,
TX1050,2026-03-01 15:10:00,NGN_USDT,Paystack,9100.00,SUCCESS,6,